date,bank,rating
2018-10-19,CBE Mobile Banking,5.0
2018-11-07,CBE Mobile Banking,3.0
2018-12-03,CBE Mobile Banking,3.0
2018-12-13,CBE Mobile Banking,5.0
2018-12-29,CBE Mobile Banking,4.0
2019-01-10,CBE Mobile Banking,3.0
2019-03-04,CBE Mobile Banking,2.1666666666666665
2019-03-05,CBE Mobile Banking,1.5
2019-03-06,CBE Mobile Banking,1.6666666666666667
2019-03-07,CBE Mobile Banking,1.0
2019-03-08,CBE Mobile Banking,1.0
2019-03-09,CBE Mobile Banking,1.0
2019-03-10,CBE Mobile Banking,3.0
2019-03-11,CBE Mobile Banking,1.0
2019-03-12,CBE Mobile Banking,1.0
2019-03-13,CBE Mobile Banking,1.3333333333333333
2019-03-14,CBE Mobile Banking,1.4
2019-03-15,CBE Mobile Banking,1.0
2019-03-17,CBE Mobile Banking,3.3333333333333335
2019-03-18,CBE Mobile Banking,3.0
2019-03-19,CBE Mobile Banking,1.5
2019-03-20,CBE Mobile Banking,5.0
2019-03-21,CBE Mobile Banking,3.0
2019-03-22,CBE Mobile Banking,2.0
2019-03-24,CBE Mobile Banking,1.0
2019-03-25,CBE Mobile Banking,1.0
2019-03-26,CBE Mobile Banking,1.3333333333333333
2019-03-28,CBE Mobile Banking,2.0
2019-03-29,CBE Mobile Banking,1.0
2019-03-30,CBE Mobile Banking,1.0
2019-03-31,CBE Mobile Banking,1.0
2019-04-01,CBE Mobile Banking,1.0
2020-06-25,CBE Mobile Banking,5.0
2020-06-26,CBE Mobile Banking,4.125
2020-06-27,CBE Mobile Banking,3.5714285714285716
2020-06-28,CBE Mobile Banking,4.75
2020-06-29,CBE Mobile Banking,4.2
2020-06-30,CBE Mobile Banking,3.0
2020-07-08,CBE Mobile Banking,5.0
2020-07-12,CBE Mobile Banking,3.0
2020-07-15,CBE Mobile Banking,4.0
2020-07-16,CBE Mobile Banking,3.6666666666666665
2020-07-17,CBE Mobile Banking,2.5
2020-07-20,CBE Mobile Banking,2.0
2020-07-22,CBE Mobile Banking,4.5
2020-07-23,CBE Mobile Banking,3.4
2020-07-24,CBE Mobile Banking,2.6
2020-07-25,CBE Mobile Banking,4.75
2020-07-26,CBE Mobile Banking,4.0
2020-07-27,CBE Mobile Banking,2.0
2020-07-28,CBE Mobile Banking,1.6666666666666667
2020-07-29,CBE Mobile Banking,1.0
2020-07-30,CBE Mobile Banking,5.0
2020-07-31,CBE Mobile Banking,3.8333333333333335
2020-08-01,CBE Mobile Banking,3.0
2020-08-02,CBE Mobile Banking,3.0
2020-08-03,CBE Mobile Banking,5.0
2020-08-04,CBE Mobile Banking,4.5
2020-08-05,CBE Mobile Banking,5.0
2020-08-06,CBE Mobile Banking,4.2727272727272725
2020-08-07,CBE Mobile Banking,4.071428571428571
2020-08-08,CBE Mobile Banking,5.0
2020-08-09,CBE Mobile Banking,2.0
2020-08-10,CBE Mobile Banking,4.666666666666667
2020-08-11,CBE Mobile Banking,4.5
2020-08-12,CBE Mobile Banking,4.0
2020-08-13,CBE Mobile Banking,5.0
2020-08-14,CBE Mobile Banking,5.0
2020-08-15,CBE Mobile Banking,5.0
2020-08-16,CBE Mobile Banking,3.25
2020-08-17,CBE Mobile Banking,4.0
2020-08-18,CBE Mobile Banking,3.6
2020-08-19,CBE Mobile Banking,3.6
2020-08-20,CBE Mobile Banking,2.0
2020-08-21,CBE Mobile Banking,3.0
2020-08-22,CBE Mobile Banking,5.0
2020-08-23,CBE Mobile Banking,1.0
2020-08-24,CBE Mobile Banking,4.333333333333333
2020-08-25,CBE Mobile Banking,2.5
2020-08-26,CBE Mobile Banking,4.666666666666667
2020-08-27,CBE Mobile Banking,2.0
2020-08-28,CBE Mobile Banking,4.0
2020-08-29,CBE Mobile Banking,2.3333333333333335
2020-08-30,CBE Mobile Banking,4.0
2020-08-31,CBE Mobile Banking,1.0
2020-09-01,CBE Mobile Banking,5.0
2020-09-02,CBE Mobile Banking,3.0
2020-09-03,CBE Mobile Banking,2.6666666666666665
2020-09-04,CBE Mobile Banking,2.5
2020-09-05,CBE Mobile Banking,3.0
2020-09-06,CBE Mobile Banking,1.0
2020-09-07,CBE Mobile Banking,4.5
2020-09-09,CBE Mobile Banking,3.6666666666666665
2020-09-10,CBE Mobile Banking,2.75
2020-09-11,CBE Mobile Banking,3.5
2020-09-12,CBE Mobile Banking,4.2
2020-09-13,CBE Mobile Banking,5.0
2020-09-14,CBE Mobile Banking,3.2
2020-09-15,CBE Mobile Banking,2.0
2020-09-16,CBE Mobile Banking,3.6666666666666665
2020-09-17,CBE Mobile Banking,3.6666666666666665
2020-09-18,CBE Mobile Banking,4.0
2020-09-21,CBE Mobile Banking,4.5
2020-09-22,CBE Mobile Banking,4.0
2020-09-23,CBE Mobile Banking,4.0
2020-09-25,CBE Mobile Banking,5.0
2020-09-26,CBE Mobile Banking,1.0
2020-09-28,CBE Mobile Banking,1.0
2020-09-29,CBE Mobile Banking,3.6666666666666665
2020-09-30,CBE Mobile Banking,3.6666666666666665
2020-10-01,CBE Mobile Banking,5.0
2020-10-03,CBE Mobile Banking,3.0
2020-10-04,CBE Mobile Banking,1.0
2020-10-05,CBE Mobile Banking,5.0
2020-10-07,CBE Mobile Banking,5.0
2020-10-08,CBE Mobile Banking,5.0
2020-10-09,CBE Mobile Banking,5.0
2020-10-10,CBE Mobile Banking,3.0
2020-10-12,CBE Mobile Banking,5.0
2020-10-13,CBE Mobile Banking,5.0
2020-10-14,CBE Mobile Banking,4.0
2020-10-15,CBE Mobile Banking,3.0
2020-10-18,CBE Mobile Banking,2.5
2020-10-19,CBE Mobile Banking,3.0
2020-10-20,CBE Mobile Banking,2.3333333333333335
2020-10-21,CBE Mobile Banking,5.0
2020-10-23,CBE Mobile Banking,1.0
2020-10-25,CBE Mobile Banking,5.0
2020-10-27,CBE Mobile Banking,1.0
2020-10-28,CBE Mobile Banking,4.5
2020-10-29,CBE Mobile Banking,5.0
2020-10-31,CBE Mobile Banking,5.0
2020-11-01,CBE Mobile Banking,4.0
2020-11-02,CBE Mobile Banking,3.5
2020-11-03,CBE Mobile Banking,5.0
2020-11-05,CBE Mobile Banking,2.0
2020-11-07,CBE Mobile Banking,1.3333333333333333
2020-11-08,CBE Mobile Banking,4.0
2020-11-09,CBE Mobile Banking,3.0
2020-11-10,CBE Mobile Banking,3.5
2020-11-11,CBE Mobile Banking,3.0
2020-11-12,CBE Mobile Banking,5.0
2020-11-14,CBE Mobile Banking,3.0
2020-11-15,CBE Mobile Banking,1.0
2020-11-16,CBE Mobile Banking,2.0
2020-11-19,CBE Mobile Banking,2.0
2020-11-20,CBE Mobile Banking,3.5
2020-11-21,CBE Mobile Banking,1.0
2020-11-25,CBE Mobile Banking,5.0
2020-11-28,CBE Mobile Banking,2.0
2020-11-29,CBE Mobile Banking,3.0
2020-11-30,CBE Mobile Banking,2.0
2020-12-01,CBE Mobile Banking,2.5
2020-12-02,CBE Mobile Banking,3.6666666666666665
2020-12-03,CBE Mobile Banking,5.0
2020-12-04,CBE Mobile Banking,3.0
2020-12-05,CBE Mobile Banking,5.0
2020-12-06,CBE Mobile Banking,5.0
2020-12-07,CBE Mobile Banking,1.0
2020-12-08,CBE Mobile Banking,5.0
2020-12-11,CBE Mobile Banking,2.5
2020-12-12,CBE Mobile Banking,5.0
2020-12-13,CBE Mobile Banking,2.5
2020-12-14,CBE Mobile Banking,1.0
2020-12-15,CBE Mobile Banking,5.0
2020-12-16,CBE Mobile Banking,3.0
2020-12-17,CBE Mobile Banking,5.0
2020-12-19,CBE Mobile Banking,4.0
2020-12-20,CBE Mobile Banking,1.0
2020-12-21,CBE Mobile Banking,4.333333333333333
2020-12-22,CBE Mobile Banking,3.6666666666666665
2020-12-23,CBE Mobile Banking,4.0
2020-12-26,CBE Mobile Banking,5.0
2020-12-28,CBE Mobile Banking,1.0
2020-12-30,CBE Mobile Banking,5.0
2020-12-31,CBE Mobile Banking,1.0
2021-01-01,CBE Mobile Banking,3.3333333333333335
2021-01-02,CBE Mobile Banking,2.25
2021-01-03,CBE Mobile Banking,1.0
2021-01-04,CBE Mobile Banking,3.0
2021-01-05,CBE Mobile Banking,5.0
2021-01-06,CBE Mobile Banking,3.0
2021-01-08,CBE Mobile Banking,5.0
2021-01-09,CBE Mobile Banking,5.0
2021-01-12,CBE Mobile Banking,1.0
2021-01-13,CBE Mobile Banking,2.0
2021-01-16,CBE Mobile Banking,3.0
2021-01-20,CBE Mobile Banking,4.5
2021-01-21,CBE Mobile Banking,2.5
2021-01-22,CBE Mobile Banking,1.0
2021-01-23,CBE Mobile Banking,5.0
2021-01-24,CBE Mobile Banking,1.0
2021-01-25,CBE Mobile Banking,5.0
2021-01-28,CBE Mobile Banking,5.0
2021-01-29,CBE Mobile Banking,3.0
2021-01-31,CBE Mobile Banking,3.0
2021-02-01,CBE Mobile Banking,4.0
2021-02-02,CBE Mobile Banking,5.0
2021-02-03,CBE Mobile Banking,2.0
2021-02-04,CBE Mobile Banking,4.0
2021-02-05,CBE Mobile Banking,5.0
2021-02-06,CBE Mobile Banking,1.5
2021-02-08,CBE Mobile Banking,5.0
2021-02-09,CBE Mobile Banking,1.0
2021-02-11,CBE Mobile Banking,3.5
2021-02-12,CBE Mobile Banking,5.0
2021-02-13,CBE Mobile Banking,3.0
2021-02-14,CBE Mobile Banking,3.0
2021-02-17,CBE Mobile Banking,5.0
2021-02-23,CBE Mobile Banking,5.0
2021-02-26,CBE Mobile Banking,3.0
2021-02-28,CBE Mobile Banking,2.25
2021-03-01,CBE Mobile Banking,5.0
2021-03-02,CBE Mobile Banking,4.0
2021-03-04,CBE Mobile Banking,4.5
2021-03-06,CBE Mobile Banking,1.0
2021-03-07,CBE Mobile Banking,5.0
2021-03-08,CBE Mobile Banking,4.0
2021-03-12,CBE Mobile Banking,4.5
2021-03-13,CBE Mobile Banking,5.0
2021-03-14,CBE Mobile Banking,2.0
2021-03-15,CBE Mobile Banking,1.0
2021-03-16,CBE Mobile Banking,5.0
2021-03-18,CBE Mobile Banking,5.0
2021-03-19,CBE Mobile Banking,5.0
2021-03-20,CBE Mobile Banking,5.0
2021-03-21,CBE Mobile Banking,5.0
2021-03-25,CBE Mobile Banking,3.75
2021-03-27,CBE Mobile Banking,3.0
2021-03-28,CBE Mobile Banking,5.0
2021-03-30,CBE Mobile Banking,3.0
2021-03-31,CBE Mobile Banking,4.0
2021-04-02,CBE Mobile Banking,1.0
2021-04-03,CBE Mobile Banking,3.0
2021-04-04,CBE Mobile Banking,4.0
2021-04-05,CBE Mobile Banking,5.0
2021-04-07,CBE Mobile Banking,1.0
2021-04-08,CBE Mobile Banking,5.0
2021-04-09,CBE Mobile Banking,5.0
2021-04-10,CBE Mobile Banking,4.5
2021-04-11,CBE Mobile Banking,1.0
2021-04-12,CBE Mobile Banking,3.6666666666666665
2021-04-15,CBE Mobile Banking,1.0
2021-04-16,CBE Mobile Banking,5.0
2021-04-17,CBE Mobile Banking,3.0
2021-04-18,CBE Mobile Banking,4.0
2021-04-19,CBE Mobile Banking,5.0
2021-04-21,CBE Mobile Banking,3.0
2021-04-22,CBE Mobile Banking,4.0
2021-04-24,CBE Mobile Banking,3.0
2021-04-27,CBE Mobile Banking,3.0
2021-04-29,CBE Mobile Banking,3.6666666666666665
2021-05-01,CBE Mobile Banking,1.0
2021-05-02,CBE Mobile Banking,3.6666666666666665
2021-05-03,CBE Mobile Banking,1.0
2021-05-04,CBE Mobile Banking,5.0
2021-05-05,CBE Mobile Banking,1.0
2021-05-07,CBE Mobile Banking,2.6666666666666665
2021-05-08,CBE Mobile Banking,1.0
2021-05-10,CBE Mobile Banking,5.0
2021-05-11,CBE Mobile Banking,1.0
2021-05-13,CBE Mobile Banking,3.0
2021-05-14,CBE Mobile Banking,1.0
2021-05-15,CBE Mobile Banking,3.3333333333333335
2021-05-16,CBE Mobile Banking,5.0
2021-05-17,CBE Mobile Banking,3.0
2021-05-18,CBE Mobile Banking,1.0
2021-05-19,CBE Mobile Banking,5.0
2021-05-20,CBE Mobile Banking,1.0
2021-05-24,CBE Mobile Banking,4.5
2021-05-25,CBE Mobile Banking,1.0
2021-05-26,CBE Mobile Banking,3.5
2021-05-28,CBE Mobile Banking,1.0
2021-05-29,CBE Mobile Banking,3.3333333333333335
2021-05-30,CBE Mobile Banking,3.5
2021-05-31,CBE Mobile Banking,3.3333333333333335
2021-06-01,CBE Mobile Banking,4.666666666666667
2021-06-02,CBE Mobile Banking,4.0
2021-06-03,CBE Mobile Banking,2.8333333333333335
2021-06-04,CBE Mobile Banking,3.4166666666666665
2021-06-05,CBE Mobile Banking,4.0
2021-06-06,CBE Mobile Banking,3.4
2021-06-07,CBE Mobile Banking,2.5
2021-06-08,CBE Mobile Banking,3.0
2021-06-09,CBE Mobile Banking,4.5
2021-06-11,CBE Mobile Banking,4.0
2021-06-12,CBE Mobile Banking,1.0
2021-06-13,CBE Mobile Banking,3.0
2021-06-15,CBE Mobile Banking,3.0
2021-06-17,CBE Mobile Banking,3.0
2021-06-18,CBE Mobile Banking,1.0
2021-06-19,CBE Mobile Banking,3.0
2021-06-20,CBE Mobile Banking,4.0
2021-06-21,CBE Mobile Banking,5.0
2021-06-24,CBE Mobile Banking,3.6666666666666665
2021-06-25,CBE Mobile Banking,3.5
2021-06-26,CBE Mobile Banking,5.0
2021-06-27,CBE Mobile Banking,2.6666666666666665
2021-06-28,CBE Mobile Banking,2.0
2021-06-29,CBE Mobile Banking,5.0
2021-06-30,CBE Mobile Banking,5.0
2021-07-06,CBE Mobile Banking,4.0
2021-07-07,CBE Mobile Banking,1.0
2021-07-08,CBE Mobile Banking,5.0
2021-07-09,CBE Mobile Banking,5.0
2021-07-10,CBE Mobile Banking,5.0
2021-07-11,CBE Mobile Banking,3.0
2021-07-12,CBE Mobile Banking,3.0
2021-07-13,CBE Mobile Banking,5.0
2021-07-14,CBE Mobile Banking,1.0
2021-07-15,CBE Mobile Banking,4.5
2021-07-16,CBE Mobile Banking,5.0
2021-07-17,CBE Mobile Banking,4.5
2021-07-19,CBE Mobile Banking,4.0
2021-07-22,CBE Mobile Banking,5.0
2021-07-25,CBE Mobile Banking,3.0
2021-07-27,CBE Mobile Banking,5.0
2021-07-30,CBE Mobile Banking,5.0
2021-08-02,CBE Mobile Banking,3.0
2021-08-03,CBE Mobile Banking,1.0
2021-08-04,CBE Mobile Banking,2.0
2021-08-05,CBE Mobile Banking,4.0
2021-08-07,CBE Mobile Banking,5.0
2021-08-09,CBE Mobile Banking,3.5
2021-08-11,CBE Mobile Banking,1.0
2021-08-12,CBE Mobile Banking,2.5
2021-08-13,CBE Mobile Banking,2.0
2021-08-14,CBE Mobile Banking,5.0
2021-08-16,CBE Mobile Banking,2.0
2021-08-17,CBE Mobile Banking,3.0
2021-08-18,CBE Mobile Banking,3.0
2021-08-19,CBE Mobile Banking,3.0
2021-08-20,CBE Mobile Banking,2.5
2021-08-21,CBE Mobile Banking,3.0
2021-08-23,CBE Mobile Banking,2.0
2021-08-24,CBE Mobile Banking,4.5
2021-08-25,CBE Mobile Banking,3.6666666666666665
2021-08-26,CBE Mobile Banking,3.0
2021-08-27,CBE Mobile Banking,1.5
2021-08-30,CBE Mobile Banking,5.0
2021-08-31,CBE Mobile Banking,4.0
2021-09-01,CBE Mobile Banking,4.0
2021-09-02,CBE Mobile Banking,3.0
2021-09-03,CBE Mobile Banking,3.0
2021-09-07,CBE Mobile Banking,3.6666666666666665
2021-09-10,CBE Mobile Banking,3.5
2021-09-12,CBE Mobile Banking,5.0
2021-09-13,CBE Mobile Banking,4.0
2021-09-14,CBE Mobile Banking,2.5
2021-09-15,CBE Mobile Banking,4.0
2021-09-16,CBE Mobile Banking,5.0
2021-09-21,CBE Mobile Banking,4.0
2021-09-22,CBE Mobile Banking,5.0
2021-09-23,CBE Mobile Banking,4.0
2021-09-25,CBE Mobile Banking,5.0
2021-09-27,CBE Mobile Banking,5.0
2021-09-28,CBE Mobile Banking,4.5
2021-09-30,CBE Mobile Banking,3.5
2021-10-05,CBE Mobile Banking,2.0
2021-10-06,CBE Mobile Banking,5.0
2021-10-07,CBE Mobile Banking,5.0
2021-10-08,CBE Mobile Banking,4.0
2021-10-09,CBE Mobile Banking,5.0
2021-10-10,CBE Mobile Banking,4.0
2021-10-11,CBE Mobile Banking,2.0
2021-10-12,CBE Mobile Banking,5.0
2021-10-13,CBE Mobile Banking,1.0
2021-10-14,CBE Mobile Banking,3.0
2021-10-15,CBE Mobile Banking,4.333333333333333
2021-10-16,CBE Mobile Banking,5.0
2021-10-18,CBE Mobile Banking,5.0
2021-10-21,CBE Mobile Banking,4.666666666666667
2021-10-22,CBE Mobile Banking,5.0
2021-10-24,CBE Mobile Banking,2.0
2021-10-25,CBE Mobile Banking,5.0
2021-10-27,CBE Mobile Banking,3.0
2021-10-29,CBE Mobile Banking,5.0
2021-10-30,CBE Mobile Banking,5.0
2021-11-01,CBE Mobile Banking,3.0
2021-11-02,CBE Mobile Banking,5.0
2021-11-03,CBE Mobile Banking,5.0
2021-11-04,CBE Mobile Banking,5.0
2021-11-05,CBE Mobile Banking,4.666666666666667
2021-11-06,CBE Mobile Banking,4.0
2021-11-07,CBE Mobile Banking,5.0
2021-11-08,CBE Mobile Banking,5.0
2021-11-12,CBE Mobile Banking,2.0
2021-11-13,CBE Mobile Banking,5.0
2021-11-15,CBE Mobile Banking,5.0
2021-11-16,CBE Mobile Banking,1.0
2021-11-18,CBE Mobile Banking,5.0
2021-11-19,CBE Mobile Banking,4.0
2021-11-20,CBE Mobile Banking,4.0
2021-11-21,CBE Mobile Banking,5.0
2021-11-22,CBE Mobile Banking,5.0
2021-11-23,CBE Mobile Banking,3.0
2021-11-24,CBE Mobile Banking,5.0
2021-11-25,CBE Mobile Banking,2.0
2021-11-29,CBE Mobile Banking,5.0
2021-12-01,CBE Mobile Banking,1.0
2021-12-02,CBE Mobile Banking,5.0
2021-12-03,CBE Mobile Banking,1.0
2021-12-04,CBE Mobile Banking,5.0
2021-12-05,CBE Mobile Banking,1.0
2021-12-07,CBE Mobile Banking,4.0
2021-12-11,CBE Mobile Banking,5.0
2021-12-12,CBE Mobile Banking,5.0
2021-12-13,CBE Mobile Banking,5.0
2021-12-14,CBE Mobile Banking,5.0
2021-12-15,CBE Mobile Banking,5.0
2021-12-18,CBE Mobile Banking,5.0
2021-12-19,CBE Mobile Banking,3.3333333333333335
2021-12-20,CBE Mobile Banking,4.0
2021-12-21,CBE Mobile Banking,5.0
2021-12-22,CBE Mobile Banking,5.0
2021-12-24,CBE Mobile Banking,4.5
2021-12-25,CBE Mobile Banking,5.0
2021-12-27,CBE Mobile Banking,5.0
2021-12-29,CBE Mobile Banking,5.0
2021-12-30,CBE Mobile Banking,2.0
2021-12-31,CBE Mobile Banking,5.0
2022-01-02,CBE Mobile Banking,1.0
2022-01-04,CBE Mobile Banking,4.0
2022-01-05,CBE Mobile Banking,1.0
2022-01-06,CBE Mobile Banking,5.0
2022-01-07,CBE Mobile Banking,1.0
2022-01-08,CBE Mobile Banking,5.0
2022-01-11,CBE Mobile Banking,5.0
2022-01-13,CBE Mobile Banking,2.0
2022-01-17,CBE Mobile Banking,4.0
2022-01-18,CBE Mobile Banking,5.0
2022-01-19,CBE Mobile Banking,3.0
2022-01-20,CBE Mobile Banking,4.0
2022-01-21,CBE Mobile Banking,4.0
2022-01-24,CBE Mobile Banking,4.0
2022-01-28,CBE Mobile Banking,1.0
2022-01-29,CBE Mobile Banking,5.0
2022-01-31,CBE Mobile Banking,4.0
2022-02-01,CBE Mobile Banking,3.5
2022-02-02,CBE Mobile Banking,4.0
2022-02-03,CBE Mobile Banking,5.0
2022-02-04,CBE Mobile Banking,1.5
2022-02-05,CBE Mobile Banking,4.5
2022-02-06,CBE Mobile Banking,3.0
2022-02-07,CBE Mobile Banking,1.0
2022-02-09,CBE Mobile Banking,1.0
2022-02-10,CBE Mobile Banking,3.0
2022-02-11,CBE Mobile Banking,2.727272727272727
2022-02-12,CBE Mobile Banking,4.0
2022-02-13,CBE Mobile Banking,4.153846153846154
2022-02-14,CBE Mobile Banking,3.6
2022-02-15,CBE Mobile Banking,3.7777777777777777
2022-02-16,CBE Mobile Banking,2.3333333333333335
2022-02-17,CBE Mobile Banking,4.0
2022-02-18,CBE Mobile Banking,3.75
2022-02-20,CBE Mobile Banking,3.0
2022-02-22,CBE Mobile Banking,2.0
2022-02-23,CBE Mobile Banking,2.0
2022-02-25,CBE Mobile Banking,3.5
2022-02-26,CBE Mobile Banking,4.5
2022-02-27,CBE Mobile Banking,5.0
2022-02-28,CBE Mobile Banking,4.0
2022-03-01,CBE Mobile Banking,1.0
2022-03-02,CBE Mobile Banking,2.0
2022-03-03,CBE Mobile Banking,3.0
2022-03-04,CBE Mobile Banking,5.0
2022-03-05,CBE Mobile Banking,1.0
2022-03-06,CBE Mobile Banking,4.5
2022-03-07,CBE Mobile Banking,4.0
2022-03-08,CBE Mobile Banking,4.333333333333333
2022-03-09,CBE Mobile Banking,1.0
2022-03-10,CBE Mobile Banking,3.3333333333333335
2022-03-11,CBE Mobile Banking,3.5
2022-03-15,CBE Mobile Banking,4.0
2022-03-16,CBE Mobile Banking,3.0
2022-03-17,CBE Mobile Banking,5.0
2022-03-18,CBE Mobile Banking,3.8
2022-03-22,CBE Mobile Banking,5.0
2022-03-24,CBE Mobile Banking,3.0
2022-03-25,CBE Mobile Banking,3.6666666666666665
2022-03-27,CBE Mobile Banking,4.5
2022-03-28,CBE Mobile Banking,4.25
2022-03-29,CBE Mobile Banking,4.5
2022-03-31,CBE Mobile Banking,5.0
2022-04-01,CBE Mobile Banking,2.5
2022-04-02,CBE Mobile Banking,5.0
2022-04-03,CBE Mobile Banking,4.0
2022-04-04,CBE Mobile Banking,2.0
2022-04-05,CBE Mobile Banking,3.5
2022-04-06,CBE Mobile Banking,3.6666666666666665
2022-04-07,CBE Mobile Banking,5.0
2022-04-08,CBE Mobile Banking,4.0
2022-04-12,CBE Mobile Banking,4.5
2022-04-13,CBE Mobile Banking,4.5
2022-04-15,CBE Mobile Banking,3.0
2022-04-17,CBE Mobile Banking,4.0
2022-04-19,CBE Mobile Banking,3.5
2022-04-20,CBE Mobile Banking,4.5
2022-04-22,CBE Mobile Banking,5.0
2022-04-25,CBE Mobile Banking,4.666666666666667
2022-04-29,CBE Mobile Banking,5.0
2022-05-01,CBE Mobile Banking,1.0
2022-05-02,CBE Mobile Banking,1.0
2022-05-04,CBE Mobile Banking,3.5
2022-05-05,CBE Mobile Banking,4.0
2022-05-06,CBE Mobile Banking,3.0
2022-05-08,CBE Mobile Banking,4.5
2022-05-09,CBE Mobile Banking,3.0
2022-05-10,CBE Mobile Banking,1.0
2022-05-13,CBE Mobile Banking,4.0
2022-05-14,CBE Mobile Banking,5.0
2022-05-16,CBE Mobile Banking,5.0
2022-05-18,CBE Mobile Banking,5.0
2022-05-19,CBE Mobile Banking,5.0
2022-05-20,CBE Mobile Banking,5.0
2022-05-22,CBE Mobile Banking,3.0
2022-05-23,CBE Mobile Banking,1.6666666666666667
2022-05-25,CBE Mobile Banking,5.0
2022-05-26,CBE Mobile Banking,4.0
2022-05-27,CBE Mobile Banking,3.0
2022-05-28,CBE Mobile Banking,5.0
2022-05-29,CBE Mobile Banking,5.0
2022-05-30,CBE Mobile Banking,4.0
2022-06-01,CBE Mobile Banking,4.0
2022-06-02,CBE Mobile Banking,4.5
2022-06-03,CBE Mobile Banking,1.0
2022-06-05,CBE Mobile Banking,3.6666666666666665
2022-06-06,CBE Mobile Banking,5.0
2022-06-08,CBE Mobile Banking,4.0
2022-06-09,CBE Mobile Banking,4.5
2022-06-10,CBE Mobile Banking,5.0
2022-06-11,CBE Mobile Banking,5.0
2022-06-12,CBE Mobile Banking,2.0
2022-06-14,CBE Mobile Banking,5.0
2022-06-15,CBE Mobile Banking,5.0
2022-06-16,CBE Mobile Banking,5.0
2022-06-17,CBE Mobile Banking,4.0
2022-06-18,CBE Mobile Banking,5.0
2022-06-19,CBE Mobile Banking,5.0
2022-06-20,CBE Mobile Banking,4.333333333333333
2022-06-21,CBE Mobile Banking,2.3333333333333335
2022-06-25,CBE Mobile Banking,4.0
2022-06-26,CBE Mobile Banking,3.0
2022-06-27,CBE Mobile Banking,4.0
2022-06-28,CBE Mobile Banking,5.0
2022-06-30,CBE Mobile Banking,3.5
2022-07-01,CBE Mobile Banking,4.25
2022-07-02,CBE Mobile Banking,3.5
2022-07-03,CBE Mobile Banking,3.0
2022-07-04,CBE Mobile Banking,4.75
2022-07-05,CBE Mobile Banking,5.0
2022-07-06,CBE Mobile Banking,5.0
2022-07-07,CBE Mobile Banking,3.0
2022-07-08,CBE Mobile Banking,5.0
2022-07-11,CBE Mobile Banking,5.0
2022-07-12,CBE Mobile Banking,3.5
2022-07-14,CBE Mobile Banking,3.0
2022-07-15,CBE Mobile Banking,4.0
2022-07-16,CBE Mobile Banking,5.0
2022-07-17,CBE Mobile Banking,1.0
2022-07-21,CBE Mobile Banking,2.5
2022-07-22,CBE Mobile Banking,5.0
2022-07-24,CBE Mobile Banking,5.0
2022-07-25,CBE Mobile Banking,4.0
2022-07-27,CBE Mobile Banking,1.0
2022-07-29,CBE Mobile Banking,5.0
2022-07-31,CBE Mobile Banking,5.0
2022-08-02,CBE Mobile Banking,4.0
2022-08-03,CBE Mobile Banking,5.0
2022-08-04,CBE Mobile Banking,5.0
2022-08-05,CBE Mobile Banking,3.6666666666666665
2022-08-07,CBE Mobile Banking,4.333333333333333
2022-08-09,CBE Mobile Banking,4.0
2022-08-10,CBE Mobile Banking,5.0
2022-08-11,CBE Mobile Banking,3.5
2022-08-12,CBE Mobile Banking,5.0
2022-08-14,CBE Mobile Banking,5.0
2022-08-16,CBE Mobile Banking,4.0
2022-08-17,CBE Mobile Banking,5.0
2022-08-18,CBE Mobile Banking,5.0
2022-08-20,CBE Mobile Banking,1.0
2022-08-21,CBE Mobile Banking,5.0
2022-08-22,CBE Mobile Banking,5.0
2022-08-23,CBE Mobile Banking,1.5
2022-08-25,CBE Mobile Banking,5.0
2022-08-26,CBE Mobile Banking,4.5
2022-08-27,CBE Mobile Banking,1.0
2022-08-28,CBE Mobile Banking,3.0
2022-08-29,CBE Mobile Banking,4.5
2022-08-30,CBE Mobile Banking,5.0
2022-08-31,CBE Mobile Banking,5.0
2022-09-01,CBE Mobile Banking,4.0
2022-09-03,CBE Mobile Banking,5.0
2022-09-04,CBE Mobile Banking,2.5
2022-09-05,CBE Mobile Banking,4.666666666666667
2022-09-06,CBE Mobile Banking,5.0
2022-09-08,CBE Mobile Banking,5.0
2022-09-09,CBE Mobile Banking,3.0
2022-09-10,CBE Mobile Banking,3.5
2022-09-14,CBE Mobile Banking,5.0
2022-09-15,CBE Mobile Banking,3.5
2022-09-17,CBE Mobile Banking,5.0
2022-09-21,CBE Mobile Banking,5.0
2022-09-22,CBE Mobile Banking,5.0
2022-09-24,CBE Mobile Banking,5.0
2022-09-28,CBE Mobile Banking,4.0
2022-09-30,CBE Mobile Banking,4.0
2022-10-01,CBE Mobile Banking,4.0
2022-10-02,CBE Mobile Banking,5.0
2022-10-04,CBE Mobile Banking,4.333333333333333
2022-10-06,CBE Mobile Banking,3.3333333333333335
2022-10-07,CBE Mobile Banking,4.666666666666667
2022-10-08,CBE Mobile Banking,2.0
2022-10-10,CBE Mobile Banking,3.0
2022-10-11,CBE Mobile Banking,4.5
2022-10-14,CBE Mobile Banking,4.0
2022-10-16,CBE Mobile Banking,5.0
2022-10-18,CBE Mobile Banking,2.0
2022-10-19,CBE Mobile Banking,1.0
2022-10-20,CBE Mobile Banking,5.0
2022-10-22,CBE Mobile Banking,2.5
2022-10-23,CBE Mobile Banking,4.0
2022-10-24,CBE Mobile Banking,3.0
2022-10-27,CBE Mobile Banking,5.0
2022-10-31,CBE Mobile Banking,5.0
2022-11-01,CBE Mobile Banking,3.0
2022-11-02,CBE Mobile Banking,5.0
2022-11-03,CBE Mobile Banking,1.0
2022-11-04,CBE Mobile Banking,1.75
2022-11-07,CBE Mobile Banking,5.0
2022-11-08,CBE Mobile Banking,3.0
2022-11-09,CBE Mobile Banking,5.0
2022-11-10,CBE Mobile Banking,4.0
2022-11-11,CBE Mobile Banking,3.0
2022-11-13,CBE Mobile Banking,3.0
2022-11-14,CBE Mobile Banking,5.0
2022-11-16,CBE Mobile Banking,3.5
2022-11-18,CBE Mobile Banking,5.0
2022-11-20,CBE Mobile Banking,3.0
2022-11-22,CBE Mobile Banking,5.0
2022-11-23,CBE Mobile Banking,4.666666666666667
2022-11-24,CBE Mobile Banking,4.5
2022-11-25,CBE Mobile Banking,5.0
2022-11-26,CBE Mobile Banking,4.0
2022-11-27,CBE Mobile Banking,4.0
2022-11-28,CBE Mobile Banking,4.0
2022-12-01,CBE Mobile Banking,3.6666666666666665
2022-12-02,CBE Mobile Banking,5.0
2022-12-04,CBE Mobile Banking,1.0
2022-12-05,CBE Mobile Banking,3.3333333333333335
2022-12-06,CBE Mobile Banking,5.0
2022-12-07,CBE Mobile Banking,4.8
2022-12-08,CBE Mobile Banking,4.0
2022-12-09,CBE Mobile Banking,5.0
2022-12-10,CBE Mobile Banking,1.0
2022-12-11,CBE Mobile Banking,5.0
2022-12-12,CBE Mobile Banking,3.8
2022-12-13,CBE Mobile Banking,5.0
2022-12-14,CBE Mobile Banking,1.0
2022-12-15,CBE Mobile Banking,3.3333333333333335
2022-12-16,CBE Mobile Banking,4.0
2022-12-17,CBE Mobile Banking,5.0
2022-12-19,CBE Mobile Banking,3.0
2022-12-21,CBE Mobile Banking,5.0
2022-12-22,CBE Mobile Banking,5.0
2022-12-25,CBE Mobile Banking,3.5
2022-12-26,CBE Mobile Banking,4.0
2022-12-27,CBE Mobile Banking,5.0
2022-12-29,CBE Mobile Banking,4.5
2022-12-30,CBE Mobile Banking,5.0
2023-01-01,CBE Mobile Banking,5.0
2023-01-02,CBE Mobile Banking,4.75
2023-01-03,CBE Mobile Banking,3.3333333333333335
2023-01-04,CBE Mobile Banking,4.75
2023-01-05,CBE Mobile Banking,5.0
2023-01-06,CBE Mobile Banking,3.3333333333333335
2023-01-07,CBE Mobile Banking,5.0
2023-01-08,CBE Mobile Banking,5.0
2023-01-09,CBE Mobile Banking,5.0
2023-01-10,CBE Mobile Banking,3.6666666666666665
2023-01-12,CBE Mobile Banking,4.5
2023-01-13,CBE Mobile Banking,5.0
2023-01-14,CBE Mobile Banking,5.0
2023-01-17,CBE Mobile Banking,3.0
2023-01-18,CBE Mobile Banking,3.6666666666666665
2023-01-20,CBE Mobile Banking,5.0
2023-01-23,CBE Mobile Banking,5.0
2023-01-25,CBE Mobile Banking,3.6666666666666665
2023-01-26,CBE Mobile Banking,1.0
2023-01-27,CBE Mobile Banking,5.0
2023-01-29,CBE Mobile Banking,3.6666666666666665
2023-01-30,CBE Mobile Banking,3.0
2023-02-02,CBE Mobile Banking,1.0
2023-02-03,CBE Mobile Banking,4.666666666666667
2023-02-04,CBE Mobile Banking,5.0
2023-02-05,CBE Mobile Banking,5.0
2023-02-08,CBE Mobile Banking,1.0
2023-02-09,CBE Mobile Banking,3.0
2023-02-13,CBE Mobile Banking,5.0
2023-02-14,CBE Mobile Banking,3.3333333333333335
2023-02-15,CBE Mobile Banking,5.0
2023-02-16,CBE Mobile Banking,5.0
2023-02-17,CBE Mobile Banking,1.0
2023-02-19,CBE Mobile Banking,4.5
2023-02-21,CBE Mobile Banking,5.0
2023-02-22,CBE Mobile Banking,2.0
2023-02-27,CBE Mobile Banking,5.0
2023-03-02,CBE Mobile Banking,5.0
2023-03-03,CBE Mobile Banking,4.0
2023-03-04,CBE Mobile Banking,4.4
2023-03-05,CBE Mobile Banking,4.0
2023-03-06,CBE Mobile Banking,5.0
2023-03-08,CBE Mobile Banking,3.0
2023-03-09,CBE Mobile Banking,2.8
2023-03-10,CBE Mobile Banking,2.3333333333333335
2023-03-11,CBE Mobile Banking,4.166666666666667
2023-03-12,CBE Mobile Banking,2.6666666666666665
2023-03-14,CBE Mobile Banking,2.0
2023-03-15,CBE Mobile Banking,3.5
2023-03-16,CBE Mobile Banking,5.0
2023-03-17,CBE Mobile Banking,5.0
2023-03-18,CBE Mobile Banking,4.0
2023-03-20,CBE Mobile Banking,3.3333333333333335
2023-03-21,CBE Mobile Banking,2.3333333333333335
2023-03-22,CBE Mobile Banking,3.6666666666666665
2023-03-23,CBE Mobile Banking,3.0
2023-03-24,CBE Mobile Banking,1.0
2023-03-25,CBE Mobile Banking,3.6666666666666665
2023-03-26,CBE Mobile Banking,5.0
2023-03-27,CBE Mobile Banking,4.5
2023-03-28,CBE Mobile Banking,5.0
2023-03-29,CBE Mobile Banking,5.0
2023-03-30,CBE Mobile Banking,3.0
2023-03-31,CBE Mobile Banking,3.5
2023-04-02,CBE Mobile Banking,3.5
2023-04-03,CBE Mobile Banking,3.0
2023-04-04,CBE Mobile Banking,3.5
2023-04-05,CBE Mobile Banking,4.5
2023-04-06,CBE Mobile Banking,4.333333333333333
2023-04-07,CBE Mobile Banking,3.0
2023-04-08,CBE Mobile Banking,3.0
2023-04-11,CBE Mobile Banking,4.666666666666667
2023-04-12,CBE Mobile Banking,1.0
2023-04-13,CBE Mobile Banking,5.0
2023-04-14,CBE Mobile Banking,3.2
2023-04-16,CBE Mobile Banking,4.0
2023-04-17,CBE Mobile Banking,5.0
2023-04-18,CBE Mobile Banking,1.0
2023-04-20,CBE Mobile Banking,3.75
2023-04-21,CBE Mobile Banking,5.0
2023-04-23,CBE Mobile Banking,5.0
2023-04-25,CBE Mobile Banking,1.0
2023-04-26,CBE Mobile Banking,3.0
2023-04-27,CBE Mobile Banking,5.0
2023-04-28,CBE Mobile Banking,5.0
2023-04-29,CBE Mobile Banking,5.0
2023-04-30,CBE Mobile Banking,3.5
2023-05-01,CBE Mobile Banking,2.0
2023-05-02,CBE Mobile Banking,2.5
2023-05-04,CBE Mobile Banking,3.6666666666666665
2023-05-05,CBE Mobile Banking,3.0
2023-05-06,CBE Mobile Banking,4.5
2023-05-09,CBE Mobile Banking,5.0
2023-05-10,CBE Mobile Banking,2.6666666666666665
2023-05-11,CBE Mobile Banking,5.0
2023-05-12,CBE Mobile Banking,4.0
2023-05-13,CBE Mobile Banking,2.3333333333333335
2023-05-15,CBE Mobile Banking,4.0
2023-05-16,CBE Mobile Banking,5.0
2023-05-18,CBE Mobile Banking,5.0
2023-05-20,CBE Mobile Banking,3.0
2023-05-23,CBE Mobile Banking,4.5
2023-05-25,CBE Mobile Banking,3.0
2023-05-26,CBE Mobile Banking,4.333333333333333
2023-05-27,CBE Mobile Banking,5.0
2023-05-29,CBE Mobile Banking,2.0
2023-05-31,CBE Mobile Banking,2.0
2023-06-01,CBE Mobile Banking,2.0
2023-06-03,CBE Mobile Banking,5.0
2023-06-05,CBE Mobile Banking,4.5
2023-06-06,CBE Mobile Banking,4.666666666666667
2023-06-07,CBE Mobile Banking,5.0
2023-06-08,CBE Mobile Banking,5.0
2023-06-09,CBE Mobile Banking,4.0
2023-06-10,CBE Mobile Banking,5.0
2023-06-11,CBE Mobile Banking,5.0
2023-06-13,CBE Mobile Banking,5.0
2023-06-14,CBE Mobile Banking,5.0
2023-06-15,CBE Mobile Banking,1.0
2023-06-16,CBE Mobile Banking,5.0
2023-06-17,CBE Mobile Banking,1.0
2023-06-24,CBE Mobile Banking,5.0
2023-06-27,CBE Mobile Banking,5.0
2023-06-29,CBE Mobile Banking,3.0
2023-06-30,CBE Mobile Banking,1.5
2023-07-01,CBE Mobile Banking,2.0
2023-07-03,CBE Mobile Banking,3.6666666666666665
2023-07-04,CBE Mobile Banking,5.0
2023-07-06,CBE Mobile Banking,5.0
2023-07-07,CBE Mobile Banking,4.0
2023-07-08,CBE Mobile Banking,5.0
2023-07-11,CBE Mobile Banking,2.0
2023-07-14,CBE Mobile Banking,1.0
2023-07-16,CBE Mobile Banking,3.0
2023-07-20,CBE Mobile Banking,3.0
2023-07-21,CBE Mobile Banking,2.0
2023-07-22,CBE Mobile Banking,3.4
2023-07-23,CBE Mobile Banking,1.0
2023-07-24,CBE Mobile Banking,4.666666666666667
2023-07-26,CBE Mobile Banking,3.2
2023-07-28,CBE Mobile Banking,1.0
2023-07-29,CBE Mobile Banking,2.0
2023-07-30,CBE Mobile Banking,5.0
2023-08-01,CBE Mobile Banking,4.0
2023-08-02,CBE Mobile Banking,3.75
2023-08-03,CBE Mobile Banking,3.5
2023-08-05,CBE Mobile Banking,5.0
2023-08-06,CBE Mobile Banking,3.5
2023-08-07,CBE Mobile Banking,5.0
2023-08-08,CBE Mobile Banking,4.8
2023-08-09,CBE Mobile Banking,5.0
2023-08-10,CBE Mobile Banking,3.0
2023-08-11,CBE Mobile Banking,4.0
2023-08-12,CBE Mobile Banking,4.0
2023-08-14,CBE Mobile Banking,1.0
2023-08-15,CBE Mobile Banking,4.0
2023-08-16,CBE Mobile Banking,5.0
2023-08-18,CBE Mobile Banking,5.0
2023-08-20,CBE Mobile Banking,2.0
2023-08-21,CBE Mobile Banking,1.0
2023-08-23,CBE Mobile Banking,3.5714285714285716
2023-08-24,CBE Mobile Banking,4.0
2023-08-26,CBE Mobile Banking,1.0
2023-08-27,CBE Mobile Banking,3.0
2023-08-28,CBE Mobile Banking,4.0
2023-08-29,CBE Mobile Banking,5.0
2023-08-30,CBE Mobile Banking,3.5
2023-09-01,CBE Mobile Banking,1.0
2023-09-02,CBE Mobile Banking,1.0
2023-09-03,CBE Mobile Banking,5.0
2023-09-04,CBE Mobile Banking,3.25
2023-09-05,CBE Mobile Banking,4.0
2023-09-06,CBE Mobile Banking,4.375
2023-09-07,CBE Mobile Banking,3.4
2023-09-08,CBE Mobile Banking,3.0
2023-09-09,CBE Mobile Banking,3.888888888888889
2023-09-10,CBE Mobile Banking,5.0
2023-09-11,CBE Mobile Banking,3.4
2023-09-12,CBE Mobile Banking,4.0
2023-09-13,CBE Mobile Banking,2.0
2023-09-14,CBE Mobile Banking,5.0
2023-09-15,CBE Mobile Banking,5.0
2023-09-16,CBE Mobile Banking,3.75
2023-09-17,CBE Mobile Banking,5.0
2023-09-19,CBE Mobile Banking,3.0
2023-09-20,CBE Mobile Banking,3.0
2023-09-21,CBE Mobile Banking,4.0
2023-09-22,CBE Mobile Banking,4.0
2023-09-23,CBE Mobile Banking,3.0
2023-09-24,CBE Mobile Banking,4.0
2023-09-26,CBE Mobile Banking,2.25
2023-09-27,CBE Mobile Banking,4.0
2023-09-28,CBE Mobile Banking,5.0
2023-09-29,CBE Mobile Banking,4.0
2023-09-30,CBE Mobile Banking,4.666666666666667
2023-10-01,CBE Mobile Banking,5.0
2023-10-02,CBE Mobile Banking,1.0
2023-10-03,CBE Mobile Banking,5.0
2023-10-04,CBE Mobile Banking,3.0
2023-10-05,CBE Mobile Banking,4.666666666666667
2023-10-06,CBE Mobile Banking,4.333333333333333
2023-10-07,CBE Mobile Banking,5.0
2023-10-08,CBE Mobile Banking,5.0
2023-10-09,CBE Mobile Banking,4.666666666666667
2023-10-10,CBE Mobile Banking,3.6666666666666665
2023-10-12,CBE Mobile Banking,3.0
2023-10-13,CBE Mobile Banking,3.0
2023-10-14,CBE Mobile Banking,4.666666666666667
2023-10-15,CBE Mobile Banking,3.75
2023-10-16,CBE Mobile Banking,3.0
2023-10-17,CBE Mobile Banking,4.714285714285714
2023-10-18,CBE Mobile Banking,4.4
2023-10-20,CBE Mobile Banking,3.6666666666666665
2023-10-21,CBE Mobile Banking,4.0
2023-10-22,CBE Mobile Banking,5.0
2023-10-23,CBE Mobile Banking,3.3333333333333335
2023-10-24,CBE Mobile Banking,5.0
2023-10-25,CBE Mobile Banking,3.0
2023-10-26,CBE Mobile Banking,3.3333333333333335
2023-10-27,CBE Mobile Banking,2.3333333333333335
2023-10-28,CBE Mobile Banking,2.0
2023-10-29,CBE Mobile Banking,3.0
2023-10-30,CBE Mobile Banking,5.0
2023-10-31,CBE Mobile Banking,4.0
2023-11-01,CBE Mobile Banking,4.5
2023-11-03,CBE Mobile Banking,4.833333333333333
2023-11-04,CBE Mobile Banking,5.0
2023-11-05,CBE Mobile Banking,4.666666666666667
2023-11-06,CBE Mobile Banking,5.0
2023-11-07,CBE Mobile Banking,5.0
2023-11-08,CBE Mobile Banking,3.6666666666666665
2023-11-09,CBE Mobile Banking,4.0
2023-11-10,CBE Mobile Banking,3.6666666666666665
2023-11-11,CBE Mobile Banking,3.0
2023-11-12,CBE Mobile Banking,5.0
2023-11-13,CBE Mobile Banking,4.0
2023-11-14,CBE Mobile Banking,3.2
2023-11-15,CBE Mobile Banking,4.333333333333333
2023-11-16,CBE Mobile Banking,3.75
2023-11-17,CBE Mobile Banking,3.0
2023-11-18,CBE Mobile Banking,4.5
2023-11-19,CBE Mobile Banking,4.333333333333333
2023-11-20,CBE Mobile Banking,2.5
2023-11-21,CBE Mobile Banking,3.8
2023-11-23,CBE Mobile Banking,3.6666666666666665
2023-11-24,CBE Mobile Banking,4.0
2023-11-25,CBE Mobile Banking,5.0
2023-11-26,CBE Mobile Banking,2.25
2023-11-29,CBE Mobile Banking,4.0
2023-11-30,CBE Mobile Banking,5.0
2023-12-01,CBE Mobile Banking,3.3333333333333335
2023-12-02,CBE Mobile Banking,4.666666666666667
2023-12-03,CBE Mobile Banking,2.4
2023-12-04,CBE Mobile Banking,5.0
2023-12-05,CBE Mobile Banking,3.1666666666666665
2023-12-06,CBE Mobile Banking,3.5
2023-12-07,CBE Mobile Banking,5.0
2023-12-08,CBE Mobile Banking,2.5
2023-12-09,CBE Mobile Banking,5.0
2023-12-10,CBE Mobile Banking,2.0
2023-12-11,CBE Mobile Banking,4.6
2023-12-12,CBE Mobile Banking,3.6666666666666665
2023-12-13,CBE Mobile Banking,4.4
2023-12-14,CBE Mobile Banking,2.857142857142857
2023-12-15,CBE Mobile Banking,5.0
2023-12-16,CBE Mobile Banking,3.6666666666666665
2023-12-18,CBE Mobile Banking,3.0
2023-12-19,CBE Mobile Banking,5.0
2023-12-20,CBE Mobile Banking,3.0
2023-12-22,CBE Mobile Banking,5.0
2023-12-23,CBE Mobile Banking,5.0
2023-12-24,CBE Mobile Banking,3.5
2023-12-25,CBE Mobile Banking,3.0
2023-12-26,CBE Mobile Banking,4.0
2023-12-27,CBE Mobile Banking,3.3333333333333335
2023-12-28,CBE Mobile Banking,4.333333333333333
2023-12-29,CBE Mobile Banking,2.0
2023-12-30,CBE Mobile Banking,4.4
2023-12-31,CBE Mobile Banking,5.0
2024-01-01,CBE Mobile Banking,1.0
2024-01-02,CBE Mobile Banking,3.6666666666666665
2024-01-03,CBE Mobile Banking,2.0
2024-01-05,CBE Mobile Banking,3.25
2024-01-06,CBE Mobile Banking,3.125
2024-01-07,CBE Mobile Banking,5.0
2024-01-08,CBE Mobile Banking,1.5
2024-01-10,Bank of Abyssinia,5.0
2024-01-10,CBE Mobile Banking,5.0
2024-01-11,Bank of Abyssinia,5.0
2024-01-11,CBE Mobile Banking,2.4
2024-01-12,Bank of Abyssinia,5.0
2024-01-12,CBE Mobile Banking,5.0
2024-01-13,CBE Mobile Banking,1.0
2024-01-14,Bank of Abyssinia,5.0
2024-01-14,CBE Mobile Banking,2.5
2024-01-15,Bank of Abyssinia,3.0
2024-01-15,CBE Mobile Banking,4.0
2024-01-16,Bank of Abyssinia,1.0
2024-01-16,CBE Mobile Banking,1.0
2024-01-17,Bank of Abyssinia,5.0
2024-01-17,CBE Mobile Banking,4.0
2024-01-18,Bank of Abyssinia,4.666666666666667
2024-01-19,CBE Mobile Banking,2.6
2024-01-20,CBE Mobile Banking,4.0
2024-01-21,Bank of Abyssinia,5.0
2024-01-23,Bank of Abyssinia,1.0
2024-01-23,CBE Mobile Banking,4.5
2024-01-24,Bank of Abyssinia,5.0
2024-01-24,CBE Mobile Banking,1.0
2024-01-25,CBE Mobile Banking,3.0
2024-01-26,CBE Mobile Banking,4.666666666666667
2024-01-27,Bank of Abyssinia,5.0
2024-01-27,CBE Mobile Banking,3.6666666666666665
2024-01-28,Bank of Abyssinia,5.0
2024-01-28,CBE Mobile Banking,5.0
2024-01-29,CBE Mobile Banking,3.2
2024-01-30,Bank of Abyssinia,1.0
2024-01-30,CBE Mobile Banking,2.6666666666666665
2024-01-31,Bank of Abyssinia,5.0
2024-01-31,CBE Mobile Banking,4.0
2024-02-01,CBE Mobile Banking,3.0
2024-02-02,Bank of Abyssinia,3.75
2024-02-02,CBE Mobile Banking,3.75
2024-02-03,Bank of Abyssinia,4.0
2024-02-03,CBE Mobile Banking,4.0
2024-02-04,Bank of Abyssinia,4.333333333333333
2024-02-04,CBE Mobile Banking,2.6
2024-02-05,Bank of Abyssinia,4.2
2024-02-05,CBE Mobile Banking,3.6666666666666665
2024-02-06,Bank of Abyssinia,4.166666666666667
2024-02-06,CBE Mobile Banking,5.0
2024-02-07,Bank of Abyssinia,5.0
2024-02-07,CBE Mobile Banking,2.857142857142857
2024-02-08,Bank of Abyssinia,4.5
2024-02-08,CBE Mobile Banking,3.3333333333333335
2024-02-09,CBE Mobile Banking,3.6666666666666665
2024-02-10,Bank of Abyssinia,3.3333333333333335
2024-02-10,CBE Mobile Banking,4.5
2024-02-11,Bank of Abyssinia,3.6666666666666665
2024-02-11,CBE Mobile Banking,3.5405405405405403
2024-02-12,Bank of Abyssinia,1.0
2024-02-12,CBE Mobile Banking,3.9285714285714284
2024-02-13,Bank of Abyssinia,1.0
2024-02-13,CBE Mobile Banking,3.772727272727273
2024-02-14,Bank of Abyssinia,2.3333333333333335
2024-02-14,CBE Mobile Banking,4.277777777777778
2024-02-15,Bank of Abyssinia,2.75
2024-02-15,CBE Mobile Banking,4.416666666666667
2024-02-16,Bank of Abyssinia,2.0
2024-02-16,CBE Mobile Banking,3.0
2024-02-17,Bank of Abyssinia,1.0
2024-02-17,CBE Mobile Banking,4.333333333333333
2024-02-18,Bank of Abyssinia,1.0
2024-02-18,CBE Mobile Banking,2.8
2024-02-19,Bank of Abyssinia,4.75
2024-02-19,CBE Mobile Banking,4.0
2024-02-20,Bank of Abyssinia,4.25
2024-02-20,CBE Mobile Banking,3.0
2024-02-21,Bank of Abyssinia,2.6666666666666665
2024-02-21,CBE Mobile Banking,4.2
2024-02-22,Bank of Abyssinia,4.4
2024-02-22,CBE Mobile Banking,4.6
2024-02-23,Bank of Abyssinia,3.0
2024-02-23,CBE Mobile Banking,3.875
2024-02-24,Bank of Abyssinia,5.0
2024-02-24,CBE Mobile Banking,4.1
2024-02-25,CBE Mobile Banking,3.0
2024-02-26,Bank of Abyssinia,1.0
2024-02-26,CBE Mobile Banking,3.7142857142857144
2024-02-27,CBE Mobile Banking,4.454545454545454
2024-02-28,Bank of Abyssinia,5.0
2024-02-28,CBE Mobile Banking,3.8
2024-02-29,Bank of Abyssinia,5.0
2024-02-29,CBE Mobile Banking,5.0
2024-03-01,Bank of Abyssinia,2.0
2024-03-01,CBE Mobile Banking,4.5
2024-03-02,Bank of Abyssinia,2.0
2024-03-02,CBE Mobile Banking,4.857142857142857
2024-03-03,Bank of Abyssinia,3.0
2024-03-03,CBE Mobile Banking,2.8
2024-03-04,Bank of Abyssinia,1.5
2024-03-04,CBE Mobile Banking,4.0
2024-03-05,Bank of Abyssinia,5.0
2024-03-05,CBE Mobile Banking,3.0
2024-03-06,CBE Mobile Banking,3.0
2024-03-07,CBE Mobile Banking,3.3333333333333335
2024-03-08,Bank of Abyssinia,4.0
2024-03-08,CBE Mobile Banking,3.8
2024-03-09,Bank of Abyssinia,1.0
2024-03-09,CBE Mobile Banking,2.5454545454545454
2024-03-10,CBE Mobile Banking,2.0
2024-03-11,CBE Mobile Banking,3.25
2024-03-12,Bank of Abyssinia,5.0
2024-03-12,CBE Mobile Banking,3.6666666666666665
2024-03-13,Bank of Abyssinia,1.0
2024-03-13,CBE Mobile Banking,3.6666666666666665
2024-03-14,Bank of Abyssinia,5.0
2024-03-14,CBE Mobile Banking,3.0
2024-03-15,Bank of Abyssinia,1.0
2024-03-15,CBE Mobile Banking,5.0
2024-03-16,Bank of Abyssinia,1.0
2024-03-16,CBE Mobile Banking,3.25
2024-03-17,CBE Mobile Banking,3.75
2024-03-18,CBE Mobile Banking,3.8
2024-03-19,Bank of Abyssinia,2.0
2024-03-19,CBE Mobile Banking,4.666666666666667
2024-03-20,Bank of Abyssinia,4.0
2024-03-20,CBE Mobile Banking,4.2
2024-03-21,CBE Mobile Banking,5.0
2024-03-22,Bank of Abyssinia,2.6666666666666665
2024-03-22,CBE Mobile Banking,5.0
2024-03-23,Bank of Abyssinia,1.0
2024-03-23,CBE Mobile Banking,4.0
2024-03-24,CBE Mobile Banking,1.0
2024-03-25,Bank of Abyssinia,1.0
2024-03-25,CBE Mobile Banking,3.0
2024-03-26,CBE Mobile Banking,2.75
2024-03-28,CBE Mobile Banking,5.0
2024-03-29,Bank of Abyssinia,1.0
2024-03-29,CBE Mobile Banking,4.0
2024-03-30,CBE Mobile Banking,3.2
2024-03-31,CBE Mobile Banking,4.0
2024-04-01,CBE Mobile Banking,4.333333333333333
2024-04-02,Bank of Abyssinia,2.5
2024-04-02,CBE Mobile Banking,4.0
2024-04-03,Bank of Abyssinia,5.0
2024-04-03,CBE Mobile Banking,5.0
2024-04-04,CBE Mobile Banking,5.0
2024-04-05,Bank of Abyssinia,5.0
2024-04-05,CBE Mobile Banking,3.25
2024-04-06,Bank of Abyssinia,5.0
2024-04-06,CBE Mobile Banking,5.0
2024-04-07,Bank of Abyssinia,5.0
2024-04-07,CBE Mobile Banking,4.0
2024-04-08,Bank of Abyssinia,5.0
2024-04-09,Bank of Abyssinia,3.75
2024-04-09,CBE Mobile Banking,4.333333333333333
2024-04-11,Bank of Abyssinia,4.5
2024-04-11,CBE Mobile Banking,3.2
2024-04-12,Bank of Abyssinia,3.6666666666666665
2024-04-12,CBE Mobile Banking,1.0
2024-04-13,Bank of Abyssinia,1.7142857142857142
2024-04-13,CBE Mobile Banking,3.5555555555555554
2024-04-14,Bank of Abyssinia,5.0
2024-04-14,CBE Mobile Banking,3.4
2024-04-15,Bank of Abyssinia,3.0
2024-04-16,Bank of Abyssinia,5.0
2024-04-16,CBE Mobile Banking,5.0
2024-04-17,Bank of Abyssinia,1.0
2024-04-17,CBE Mobile Banking,5.0
2024-04-18,Bank of Abyssinia,3.5
2024-04-18,CBE Mobile Banking,3.6666666666666665
2024-04-19,Bank of Abyssinia,5.0
2024-04-19,CBE Mobile Banking,3.0
2024-04-20,Bank of Abyssinia,1.0
2024-04-20,CBE Mobile Banking,3.75
2024-04-21,Bank of Abyssinia,1.8333333333333333
2024-04-21,CBE Mobile Banking,4.166666666666667
2024-04-22,Bank of Abyssinia,3.125
2024-04-22,CBE Mobile Banking,2.0
2024-04-23,Bank of Abyssinia,2.7142857142857144
2024-04-23,CBE Mobile Banking,1.0
2024-04-24,Bank of Abyssinia,3.0
2024-04-24,CBE Mobile Banking,5.0
2024-04-25,Bank of Abyssinia,1.4
2024-04-25,CBE Mobile Banking,5.0
2024-04-26,Bank of Abyssinia,3.0
2024-04-26,CBE Mobile Banking,2.0
2024-04-27,Bank of Abyssinia,3.75
2024-04-27,CBE Mobile Banking,1.0
2024-04-28,Bank of Abyssinia,2.375
2024-04-28,CBE Mobile Banking,4.5
2024-04-29,Bank of Abyssinia,2.3333333333333335
2024-04-29,CBE Mobile Banking,4.333333333333333
2024-04-30,Bank of Abyssinia,2.7058823529411766
2024-04-30,CBE Mobile Banking,3.6666666666666665
2024-05-01,Bank of Abyssinia,1.8
2024-05-01,CBE Mobile Banking,2.3333333333333335
2024-05-02,Bank of Abyssinia,1.6
2024-05-02,CBE Mobile Banking,5.0
2024-05-03,Bank of Abyssinia,2.0
2024-05-03,CBE Mobile Banking,4.5
2024-05-04,Bank of Abyssinia,2.75
2024-05-04,CBE Mobile Banking,3.0
2024-05-05,Bank of Abyssinia,1.0
2024-05-05,CBE Mobile Banking,3.0
2024-05-06,Bank of Abyssinia,1.6666666666666667
2024-05-06,CBE Mobile Banking,3.0
2024-05-07,Bank of Abyssinia,2.5
2024-05-07,CBE Mobile Banking,5.0
2024-05-08,Bank of Abyssinia,1.4
2024-05-08,CBE Mobile Banking,4.0
2024-05-09,Bank of Abyssinia,3.0
2024-05-09,CBE Mobile Banking,4.2
2024-05-10,Bank of Abyssinia,2.7142857142857144
2024-05-10,CBE Mobile Banking,4.666666666666667
2024-05-11,Bank of Abyssinia,1.6
2024-05-11,CBE Mobile Banking,4.75
2024-05-12,Bank of Abyssinia,2.5
2024-05-12,CBE Mobile Banking,4.2
2024-05-13,Bank of Abyssinia,3.6666666666666665
2024-05-13,CBE Mobile Banking,4.428571428571429
2024-05-14,Bank of Abyssinia,2.6666666666666665
2024-05-14,CBE Mobile Banking,3.5
2024-05-15,Bank of Abyssinia,1.0
2024-05-15,CBE Mobile Banking,5.0
2024-05-16,Bank of Abyssinia,3.6666666666666665
2024-05-16,CBE Mobile Banking,5.0
2024-05-17,Bank of Abyssinia,2.5
2024-05-17,CBE Mobile Banking,4.571428571428571
2024-05-18,Bank of Abyssinia,1.6666666666666667
2024-05-18,CBE Mobile Banking,3.5
2024-05-19,CBE Mobile Banking,1.8
2024-05-20,Bank of Abyssinia,2.6666666666666665
2024-05-20,CBE Mobile Banking,5.0
2024-05-21,Bank of Abyssinia,1.0
2024-05-21,CBE Mobile Banking,5.0
2024-05-22,Bank of Abyssinia,2.0
2024-05-22,CBE Mobile Banking,2.0
2024-05-23,Bank of Abyssinia,5.0
2024-05-23,CBE Mobile Banking,5.0
2024-05-24,Bank of Abyssinia,1.0
2024-05-24,CBE Mobile Banking,4.0
2024-05-25,Bank of Abyssinia,1.0
2024-05-25,CBE Mobile Banking,5.0
2024-05-26,Bank of Abyssinia,1.0
2024-05-26,CBE Mobile Banking,5.0
2024-05-28,Bank of Abyssinia,1.0
2024-05-28,CBE Mobile Banking,4.5
2024-05-29,Bank of Abyssinia,1.0
2024-05-29,CBE Mobile Banking,5.0
2024-05-30,Bank of Abyssinia,1.0
2024-05-30,CBE Mobile Banking,4.4
2024-05-31,Bank of Abyssinia,2.0
2024-05-31,CBE Mobile Banking,3.6666666666666665
2024-06-01,CBE Mobile Banking,1.0
2024-06-02,Bank of Abyssinia,5.0
2024-06-02,CBE Mobile Banking,5.0
2024-06-03,Bank of Abyssinia,1.0
2024-06-03,CBE Mobile Banking,4.666666666666667
2024-06-04,Bank of Abyssinia,3.0
2024-06-04,CBE Mobile Banking,3.0
2024-06-05,Bank of Abyssinia,3.5
2024-06-05,CBE Mobile Banking,5.0
2024-06-06,Bank of Abyssinia,2.0
2024-06-08,CBE Mobile Banking,2.3333333333333335
2024-06-09,Bank of Abyssinia,5.0
2024-06-10,Bank of Abyssinia,3.0
2024-06-10,CBE Mobile Banking,1.0
2024-06-11,Bank of Abyssinia,1.6666666666666667
2024-06-12,Bank of Abyssinia,5.0
2024-06-12,CBE Mobile Banking,3.0
2024-06-13,Bank of Abyssinia,5.0
2024-06-13,CBE Mobile Banking,5.0
2024-06-14,CBE Mobile Banking,3.0
2024-06-15,CBE Mobile Banking,3.0
2024-06-16,Bank of Abyssinia,1.0
2024-06-16,CBE Mobile Banking,3.5
2024-06-17,Bank of Abyssinia,3.0
2024-06-17,CBE Mobile Banking,5.0
2024-06-18,CBE Mobile Banking,5.0
2024-06-19,CBE Mobile Banking,5.0
2024-06-20,Bank of Abyssinia,1.0
2024-06-21,CBE Mobile Banking,5.0
2024-06-22,CBE Mobile Banking,1.0
2024-06-23,CBE Mobile Banking,5.0
2024-06-24,Bank of Abyssinia,1.0
2024-06-24,CBE Mobile Banking,4.333333333333333
2024-06-25,CBE Mobile Banking,3.75
2024-06-26,Bank of Abyssinia,3.0
2024-06-26,CBE Mobile Banking,3.6666666666666665
2024-06-27,Bank of Abyssinia,1.0
2024-06-27,CBE Mobile Banking,5.0
2024-06-28,CBE Mobile Banking,3.0
2024-06-30,Bank of Abyssinia,1.0
2024-06-30,CBE Mobile Banking,4.25
2024-07-01,CBE Mobile Banking,4.4
2024-07-02,Bank of Abyssinia,5.0
2024-07-02,CBE Mobile Banking,2.5
2024-07-03,Bank of Abyssinia,5.0
2024-07-03,CBE Mobile Banking,4.5
2024-07-04,Bank of Abyssinia,1.0
2024-07-04,CBE Mobile Banking,5.0
2024-07-05,Bank of Abyssinia,1.0
2024-07-05,CBE Mobile Banking,3.4
2024-07-06,Bank of Abyssinia,1.0
2024-07-06,CBE Mobile Banking,4.333333333333333
2024-07-07,CBE Mobile Banking,5.0
2024-07-08,Bank of Abyssinia,1.0
2024-07-08,CBE Mobile Banking,3.0
2024-07-09,Bank of Abyssinia,3.5
2024-07-09,CBE Mobile Banking,5.0
2024-07-10,CBE Mobile Banking,3.0
2024-07-11,Bank of Abyssinia,1.0
2024-07-11,CBE Mobile Banking,5.0
2024-07-12,Bank of Abyssinia,2.3333333333333335
2024-07-12,CBE Mobile Banking,5.0
2024-07-13,Bank of Abyssinia,2.25
2024-07-13,CBE Mobile Banking,2.8
2024-07-14,Bank of Abyssinia,5.0
2024-07-14,CBE Mobile Banking,5.0
2024-07-15,Bank of Abyssinia,3.0
2024-07-15,CBE Mobile Banking,1.0
2024-07-16,Bank of Abyssinia,1.0
2024-07-16,CBE Mobile Banking,2.5
2024-07-17,CBE Mobile Banking,5.0
2024-07-18,Bank of Abyssinia,1.0
2024-07-18,CBE Mobile Banking,5.0
2024-07-19,Bank of Abyssinia,2.0
2024-07-19,CBE Mobile Banking,4.833333333333333
2024-07-20,CBE Mobile Banking,5.0
2024-07-21,Bank of Abyssinia,3.0
2024-07-21,CBE Mobile Banking,5.0
2024-07-22,Bank of Abyssinia,1.5
2024-07-22,CBE Mobile Banking,5.0
2024-07-23,Bank of Abyssinia,1.6666666666666667
2024-07-23,CBE Mobile Banking,2.3333333333333335
2024-07-24,Bank of Abyssinia,2.0
2024-07-24,CBE Mobile Banking,5.0
2024-07-25,Bank of Abyssinia,1.0
2024-07-25,CBE Mobile Banking,3.6666666666666665
2024-07-26,CBE Mobile Banking,1.0
2024-07-27,Bank of Abyssinia,2.3333333333333335
2024-07-27,CBE Mobile Banking,5.0
2024-07-28,Bank of Abyssinia,5.0
2024-07-28,CBE Mobile Banking,4.2
2024-07-29,CBE Mobile Banking,5.0
2024-07-30,CBE Mobile Banking,5.0
2024-07-31,Bank of Abyssinia,1.0
2024-07-31,CBE Mobile Banking,5.0
2024-08-01,Bank of Abyssinia,1.5
2024-08-01,CBE Mobile Banking,3.125
2024-08-02,Bank of Abyssinia,1.0
2024-08-02,CBE Mobile Banking,4.75
2024-08-03,Bank of Abyssinia,1.0
2024-08-03,CBE Mobile Banking,2.6666666666666665
2024-08-04,Bank of Abyssinia,1.0
2024-08-04,CBE Mobile Banking,5.0
2024-08-05,CBE Mobile Banking,4.0
2024-08-06,Bank of Abyssinia,2.0
2024-08-06,CBE Mobile Banking,3.4
2024-08-07,Bank of Abyssinia,1.0
2024-08-08,Bank of Abyssinia,1.0
2024-08-08,CBE Mobile Banking,4.0
2024-08-09,CBE Mobile Banking,4.7
2024-08-10,Bank of Abyssinia,5.0
2024-08-10,CBE Mobile Banking,4.0
2024-08-11,Bank of Abyssinia,5.0
2024-08-11,CBE Mobile Banking,4.666666666666667
2024-08-12,Bank of Abyssinia,3.0
2024-08-12,CBE Mobile Banking,2.0
2024-08-13,CBE Mobile Banking,4.0
2024-08-14,Bank of Abyssinia,1.0
2024-08-14,CBE Mobile Banking,1.0
2024-08-15,Bank of Abyssinia,5.0
2024-08-16,Bank of Abyssinia,1.0
2024-08-16,CBE Mobile Banking,2.0
2024-08-17,Bank of Abyssinia,3.0
2024-08-17,CBE Mobile Banking,3.0
2024-08-18,Bank of Abyssinia,1.0
2024-08-18,CBE Mobile Banking,4.333333333333333
2024-08-19,CBE Mobile Banking,1.0
2024-08-20,Bank of Abyssinia,1.0
2024-08-20,CBE Mobile Banking,5.0
2024-08-21,CBE Mobile Banking,4.5
2024-08-22,CBE Mobile Banking,1.0
2024-08-23,Bank of Abyssinia,1.0
2024-08-23,CBE Mobile Banking,1.0
2024-08-24,CBE Mobile Banking,1.0
2024-08-25,CBE Mobile Banking,3.25
2024-08-26,Bank of Abyssinia,1.0
2024-08-26,CBE Mobile Banking,5.0
2024-08-27,Bank of Abyssinia,5.0
2024-08-27,CBE Mobile Banking,3.6666666666666665
2024-08-28,Bank of Abyssinia,1.0
2024-08-28,CBE Mobile Banking,5.0
2024-08-29,Bank of Abyssinia,1.0
2024-08-29,CBE Mobile Banking,3.25
2024-08-30,Bank of Abyssinia,1.0
2024-08-31,CBE Mobile Banking,5.0
2024-09-01,Bank of Abyssinia,5.0
2024-09-01,CBE Mobile Banking,3.0
2024-09-02,Bank of Abyssinia,1.0
2024-09-02,CBE Mobile Banking,3.75
2024-09-03,Bank of Abyssinia,1.0
2024-09-03,CBE Mobile Banking,4.666666666666667
2024-09-04,Bank of Abyssinia,3.0
2024-09-04,CBE Mobile Banking,3.75
2024-09-05,Bank of Abyssinia,4.0
2024-09-05,CBE Mobile Banking,1.0
2024-09-06,Bank of Abyssinia,1.0
2024-09-06,CBE Mobile Banking,3.6666666666666665
2024-09-07,Bank of Abyssinia,1.0
2024-09-07,CBE Mobile Banking,3.2857142857142856
2024-09-08,Bank of Abyssinia,1.0
2024-09-08,CBE Mobile Banking,4.75
2024-09-09,CBE Mobile Banking,3.8
2024-09-10,Bank of Abyssinia,5.0
2024-09-10,CBE Mobile Banking,2.5
2024-09-11,Bank of Abyssinia,1.0
2024-09-11,CBE Mobile Banking,3.0
2024-09-12,Bank of Abyssinia,1.0
2024-09-12,CBE Mobile Banking,2.8
2024-09-13,Bank of Abyssinia,3.0
2024-09-14,Bank of Abyssinia,2.0
2024-09-14,CBE Mobile Banking,4.25
2024-09-15,Bank of Abyssinia,1.0
2024-09-15,CBE Mobile Banking,5.0
2024-09-16,Bank of Abyssinia,1.0
2024-09-16,CBE Mobile Banking,3.6666666666666665
2024-09-17,Bank of Abyssinia,3.0
2024-09-17,CBE Mobile Banking,3.0
2024-09-18,CBE Mobile Banking,2.3333333333333335
2024-09-19,Bank of Abyssinia,5.0
2024-09-19,CBE Mobile Banking,1.0
2024-09-21,Bank of Abyssinia,1.0
2024-09-21,CBE Mobile Banking,3.5
2024-09-22,CBE Mobile Banking,5.0
2024-09-23,CBE Mobile Banking,4.4
2024-09-24,CBE Mobile Banking,2.0
2024-09-25,Bank of Abyssinia,4.0
2024-09-25,CBE Mobile Banking,4.833333333333333
2024-09-26,Bank of Abyssinia,1.0
2024-09-26,CBE Mobile Banking,4.5
2024-09-27,Bank of Abyssinia,3.0
2024-09-27,CBE Mobile Banking,3.6666666666666665
2024-09-28,CBE Mobile Banking,4.5
2024-09-30,Bank of Abyssinia,5.0
2024-09-30,CBE Mobile Banking,5.0
2024-10-01,CBE Mobile Banking,5.0
2024-10-02,CBE Mobile Banking,5.0
2024-10-03,Bank of Abyssinia,1.0
2024-10-03,CBE Mobile Banking,3.6
2024-10-04,Bank of Abyssinia,2.4
2024-10-04,CBE Mobile Banking,4.571428571428571
2024-10-05,Bank of Abyssinia,4.0
2024-10-05,CBE Mobile Banking,4.25
2024-10-06,CBE Mobile Banking,3.6666666666666665
2024-10-07,CBE Mobile Banking,2.6666666666666665
2024-10-08,Bank of Abyssinia,1.0
2024-10-09,CBE Mobile Banking,5.0
2024-10-10,CBE Mobile Banking,5.0
2024-10-11,Bank of Abyssinia,5.0
2024-10-11,CBE Mobile Banking,3.6
2024-10-12,CBE Mobile Banking,2.0
2024-10-13,Bank of Abyssinia,1.0
2024-10-13,CBE Mobile Banking,4.285714285714286
2024-10-14,Bank of Abyssinia,1.0
2024-10-14,CBE Mobile Banking,1.0
2024-10-15,CBE Mobile Banking,3.5
2024-10-16,CBE Mobile Banking,2.3333333333333335
2024-10-18,Bank of Abyssinia,5.0
2024-10-18,CBE Mobile Banking,2.75
2024-10-19,CBE Mobile Banking,3.0
2024-10-20,CBE Mobile Banking,3.5
2024-10-21,Bank of Abyssinia,1.0
2024-10-21,CBE Mobile Banking,4.0
2024-10-22,Bank of Abyssinia,5.0
2024-10-22,CBE Mobile Banking,5.0
2024-10-23,CBE Mobile Banking,5.0
2024-10-24,Bank of Abyssinia,5.0
2024-10-24,CBE Mobile Banking,5.0
2024-10-25,Bank of Abyssinia,1.0
2024-10-26,CBE Mobile Banking,3.0
2024-10-27,Bank of Abyssinia,3.0
2024-10-27,CBE Mobile Banking,5.0
2024-10-28,CBE Mobile Banking,5.0
2024-10-30,CBE Mobile Banking,4.75
2024-11-01,Bank of Abyssinia,5.0
2024-11-02,CBE Mobile Banking,5.0
2024-11-04,Bank of Abyssinia,1.0
2024-11-04,CBE Mobile Banking,4.0
2024-11-05,CBE Mobile Banking,5.0
2024-11-06,CBE Mobile Banking,3.75
2024-11-07,Bank of Abyssinia,1.0
2024-11-07,CBE Mobile Banking,4.0
2024-11-08,Bank of Abyssinia,1.0
2024-11-08,CBE Mobile Banking,2.0
2024-11-09,CBE Mobile Banking,4.333333333333333
2024-11-10,CBE Mobile Banking,5.0
2024-11-11,CBE Mobile Banking,4.666666666666667
2024-11-12,Bank of Abyssinia,3.3
2024-11-12,CBE Mobile Banking,5.0
2024-11-13,Bank of Abyssinia,1.0
2024-11-13,CBE Mobile Banking,4.666666666666667
2024-11-14,CBE Mobile Banking,5.0
2024-11-15,CBE Mobile Banking,3.0
2024-11-16,CBE Mobile Banking,4.0
2024-11-17,Bank of Abyssinia,1.0
2024-11-17,CBE Mobile Banking,1.5
2024-11-18,CBE Mobile Banking,5.0
2024-11-19,Bank of Abyssinia,1.0
2024-11-19,CBE Mobile Banking,4.666666666666667
2024-11-20,Bank of Abyssinia,3.0
2024-11-20,CBE Mobile Banking,3.0
2024-11-21,CBE Mobile Banking,4.0
2024-11-22,CBE Mobile Banking,5.0
2024-11-23,CBE Mobile Banking,2.0
2024-11-24,Bank of Abyssinia,3.5
2024-11-25,CBE Mobile Banking,4.0
2024-11-26,Bank of Abyssinia,1.0
2024-11-26,CBE Mobile Banking,3.0
2024-11-27,Bank of Abyssinia,5.0
2024-11-28,Bank of Abyssinia,1.0
2024-11-28,CBE Mobile Banking,3.5
2024-11-29,Bank of Abyssinia,1.0
2024-11-29,CBE Mobile Banking,5.0
2024-11-30,Bank of Abyssinia,5.0
2024-11-30,CBE Mobile Banking,5.0
2024-12-01,Bank of Abyssinia,1.0
2024-12-01,CBE Mobile Banking,3.5
2024-12-02,Bank of Abyssinia,1.0
2024-12-02,CBE Mobile Banking,1.0
2024-12-03,CBE Mobile Banking,5.0
2024-12-06,Bank of Abyssinia,1.0
2024-12-06,CBE Mobile Banking,5.0
2024-12-07,Bank of Abyssinia,1.0
2024-12-07,CBE Mobile Banking,1.0
2024-12-08,Bank of Abyssinia,4.0
2024-12-08,CBE Mobile Banking,5.0
2024-12-09,CBE Mobile Banking,3.3333333333333335
2024-12-10,Bank of Abyssinia,1.0
2024-12-11,Bank of Abyssinia,2.0
2024-12-12,CBE Mobile Banking,3.0
2024-12-13,Bank of Abyssinia,3.0
2024-12-13,CBE Mobile Banking,5.0
2024-12-14,Bank of Abyssinia,1.0
2024-12-14,CBE Mobile Banking,4.2
2024-12-15,CBE Mobile Banking,3.0
2024-12-16,Bank of Abyssinia,3.0
2024-12-16,CBE Mobile Banking,4.5
2024-12-17,Bank of Abyssinia,1.0
2024-12-17,CBE Mobile Banking,3.25
2024-12-18,CBE Mobile Banking,4.571428571428571
2024-12-19,Bank of Abyssinia,2.3333333333333335
2024-12-19,CBE Mobile Banking,3.0
2024-12-20,Bank of Abyssinia,1.0
2024-12-20,CBE Mobile Banking,3.3636363636363638
2024-12-21,CBE Mobile Banking,5.0
2024-12-22,Bank of Abyssinia,3.0
2024-12-22,CBE Mobile Banking,3.6666666666666665
2024-12-23,CBE Mobile Banking,3.3333333333333335
2024-12-24,Bank of Abyssinia,1.0
2024-12-24,CBE Mobile Banking,5.0
2024-12-25,CBE Mobile Banking,4.2
2024-12-26,CBE Mobile Banking,4.625
2024-12-27,Bank of Abyssinia,1.0
2024-12-27,CBE Mobile Banking,3.5
2024-12-28,CBE Mobile Banking,2.6
2024-12-29,Bank of Abyssinia,1.0
2024-12-29,CBE Mobile Banking,4.111111111111111
2024-12-30,Bank of Abyssinia,5.0
2024-12-30,CBE Mobile Banking,4.0
2024-12-31,CBE Mobile Banking,3.3684210526315788
2025-01-01,CBE Mobile Banking,3.7142857142857144
2025-01-02,Bank of Abyssinia,1.3333333333333333
2025-01-02,CBE Mobile Banking,3.25
2025-01-03,Bank of Abyssinia,3.0
2025-01-03,CBE Mobile Banking,4.166666666666667
2025-01-04,Bank of Abyssinia,5.0
2025-01-04,CBE Mobile Banking,3.8
2025-01-05,CBE Mobile Banking,1.7142857142857142
2025-01-06,CBE Mobile Banking,2.8181818181818183
2025-01-07,Bank of Abyssinia,3.0
2025-01-07,CBE Mobile Banking,3.2857142857142856
2025-01-08,CBE Mobile Banking,4.666666666666667
2025-01-09,CBE Mobile Banking,3.0
2025-01-10,CBE Mobile Banking,5.0
2025-01-11,Bank of Abyssinia,5.0
2025-01-11,CBE Mobile Banking,2.3333333333333335
2025-01-11,Dashen Bank,5.0
2025-01-12,CBE Mobile Banking,2.5
2025-01-13,Bank of Abyssinia,1.0
2025-01-13,CBE Mobile Banking,3.0
2025-01-13,Dashen Bank,5.0
2025-01-14,CBE Mobile Banking,5.0
2025-01-14,Dashen Bank,5.0
2025-01-15,Bank of Abyssinia,1.0
2025-01-15,CBE Mobile Banking,5.0
2025-01-15,Dashen Bank,4.529411764705882
2025-01-16,CBE Mobile Banking,3.5
2025-01-16,Dashen Bank,5.0
2025-01-17,Bank of Abyssinia,5.0
2025-01-17,CBE Mobile Banking,3.0
2025-01-17,Dashen Bank,4.666666666666667
2025-01-18,Bank of Abyssinia,1.0
2025-01-18,CBE Mobile Banking,4.5
2025-01-18,Dashen Bank,5.0
2025-01-19,CBE Mobile Banking,3.3333333333333335
2025-01-19,Dashen Bank,5.0
2025-01-20,CBE Mobile Banking,2.3333333333333335
2025-01-20,Dashen Bank,4.5
2025-01-21,Bank of Abyssinia,2.0
2025-01-21,CBE Mobile Banking,3.0
2025-01-21,Dashen Bank,5.0
2025-01-22,Bank of Abyssinia,1.0
2025-01-22,CBE Mobile Banking,2.25
2025-01-22,Dashen Bank,5.0
2025-01-23,Bank of Abyssinia,5.0
2025-01-23,CBE Mobile Banking,4.142857142857143
2025-01-23,Dashen Bank,3.5
2025-01-24,CBE Mobile Banking,3.4545454545454546
2025-01-24,Dashen Bank,5.0
2025-01-25,CBE Mobile Banking,3.1
2025-01-25,Dashen Bank,3.0
2025-01-26,CBE Mobile Banking,4.333333333333333
2025-01-27,Bank of Abyssinia,3.0
2025-01-27,CBE Mobile Banking,3.2857142857142856
2025-01-28,CBE Mobile Banking,3.6666666666666665
2025-01-28,Dashen Bank,5.0
2025-01-29,CBE Mobile Banking,3.125
2025-01-29,Dashen Bank,5.0
2025-01-30,Bank of Abyssinia,1.0
2025-01-30,CBE Mobile Banking,2.4
2025-01-30,Dashen Bank,5.0
2025-01-31,CBE Mobile Banking,2.75
2025-01-31,Dashen Bank,4.0
2025-02-01,Bank of Abyssinia,5.0
2025-02-01,CBE Mobile Banking,3.4
2025-02-01,Dashen Bank,5.0
2025-02-02,CBE Mobile Banking,3.25
2025-02-02,Dashen Bank,1.0
2025-02-03,CBE Mobile Banking,3.875
2025-02-03,Dashen Bank,1.0
2025-02-04,CBE Mobile Banking,4.2
2025-02-04,Dashen Bank,3.0
2025-02-05,CBE Mobile Banking,3.6666666666666665
2025-02-05,Dashen Bank,5.0
2025-02-06,CBE Mobile Banking,5.0
2025-02-06,Dashen Bank,4.25
2025-02-07,Bank of Abyssinia,3.0
2025-02-07,CBE Mobile Banking,3.2
2025-02-07,Dashen Bank,5.0
2025-02-08,Bank of Abyssinia,5.0
2025-02-08,CBE Mobile Banking,4.0
2025-02-09,CBE Mobile Banking,4.333333333333333
2025-02-10,CBE Mobile Banking,2.8333333333333335
2025-02-10,Dashen Bank,4.0
2025-02-11,CBE Mobile Banking,2.75
2025-02-11,Dashen Bank,2.0
2025-02-12,Bank of Abyssinia,2.0
2025-02-12,Dashen Bank,5.0
2025-02-13,CBE Mobile Banking,3.6666666666666665
2025-02-13,Dashen Bank,4.5
2025-02-14,Bank of Abyssinia,5.0
2025-02-14,CBE Mobile Banking,4.0
2025-02-14,Dashen Bank,3.6666666666666665
2025-02-15,Bank of Abyssinia,1.0
2025-02-15,CBE Mobile Banking,3.4
2025-02-16,CBE Mobile Banking,5.0
2025-02-16,Dashen Bank,1.0
2025-02-17,CBE Mobile Banking,3.3333333333333335
2025-02-18,CBE Mobile Banking,4.0
2025-02-18,Dashen Bank,5.0
2025-02-19,CBE Mobile Banking,5.0
2025-02-20,CBE Mobile Banking,3.0
2025-02-21,Bank of Abyssinia,5.0
2025-02-21,CBE Mobile Banking,3.8333333333333335
2025-02-21,Dashen Bank,5.0
2025-02-22,Bank of Abyssinia,5.0
2025-02-22,CBE Mobile Banking,3.4545454545454546
2025-02-22,Dashen Bank,1.0
2025-02-23,Bank of Abyssinia,5.0
2025-02-23,CBE Mobile Banking,5.0
2025-02-24,CBE Mobile Banking,3.75
2025-02-24,Dashen Bank,2.0
2025-02-25,CBE Mobile Banking,3.5
2025-02-26,Bank of Abyssinia,1.0
2025-02-26,CBE Mobile Banking,3.6666666666666665
2025-02-26,Dashen Bank,5.0
2025-02-27,CBE Mobile Banking,4.142857142857143
2025-02-27,Dashen Bank,5.0
2025-02-28,CBE Mobile Banking,3.625
2025-03-01,Bank of Abyssinia,2.3333333333333335
2025-03-01,CBE Mobile Banking,4.0
2025-03-02,Bank of Abyssinia,1.0
2025-03-03,Bank of Abyssinia,1.0
2025-03-03,CBE Mobile Banking,3.25
2025-03-04,Bank of Abyssinia,1.0
2025-03-04,CBE Mobile Banking,5.0
2025-03-05,Bank of Abyssinia,1.0
2025-03-05,CBE Mobile Banking,5.0
2025-03-06,Bank of Abyssinia,1.0
2025-03-06,CBE Mobile Banking,3.0
2025-03-06,Dashen Bank,3.5
2025-03-07,Bank of Abyssinia,5.0
2025-03-07,CBE Mobile Banking,3.5
2025-03-07,Dashen Bank,5.0
2025-03-08,Bank of Abyssinia,5.0
2025-03-08,CBE Mobile Banking,5.0
2025-03-08,Dashen Bank,4.25
2025-03-09,Bank of Abyssinia,4.5
2025-03-09,CBE Mobile Banking,2.3333333333333335
2025-03-10,Bank of Abyssinia,1.0
2025-03-10,CBE Mobile Banking,3.0
2025-03-10,Dashen Bank,5.0
2025-03-11,Bank of Abyssinia,4.333333333333333
2025-03-11,CBE Mobile Banking,5.0
2025-03-11,Dashen Bank,3.5
2025-03-12,Bank of Abyssinia,1.0
2025-03-12,CBE Mobile Banking,5.0
2025-03-12,Dashen Bank,5.0
2025-03-13,CBE Mobile Banking,4.428571428571429
2025-03-13,Dashen Bank,4.0
2025-03-14,Bank of Abyssinia,5.0
2025-03-14,CBE Mobile Banking,4.0
2025-03-14,Dashen Bank,3.0
2025-03-15,CBE Mobile Banking,5.0
2025-03-16,CBE Mobile Banking,4.5
2025-03-17,CBE Mobile Banking,4.4
2025-03-17,Dashen Bank,5.0
2025-03-18,CBE Mobile Banking,5.0
2025-03-18,Dashen Bank,5.0
2025-03-19,Bank of Abyssinia,3.0
2025-03-19,CBE Mobile Banking,3.0
2025-03-19,Dashen Bank,3.0
2025-03-20,CBE Mobile Banking,4.0
2025-03-20,Dashen Bank,1.0
2025-03-21,Bank of Abyssinia,1.0
2025-03-21,CBE Mobile Banking,2.7777777777777777
2025-03-21,Dashen Bank,5.0
2025-03-22,Bank of Abyssinia,5.0
2025-03-22,CBE Mobile Banking,4.2
2025-03-22,Dashen Bank,1.0
2025-03-23,CBE Mobile Banking,4.1
2025-03-24,Bank of Abyssinia,1.0
2025-03-24,CBE Mobile Banking,4.25
2025-03-25,Bank of Abyssinia,1.0
2025-03-25,CBE Mobile Banking,4.2
2025-03-26,Bank of Abyssinia,1.0
2025-03-26,CBE Mobile Banking,2.0
2025-03-26,Dashen Bank,3.6666666666666665
2025-03-27,CBE Mobile Banking,3.6666666666666665
2025-03-28,CBE Mobile Banking,4.0
2025-03-28,Dashen Bank,5.0
2025-03-29,Bank of Abyssinia,1.0
2025-03-29,CBE Mobile Banking,5.0
2025-03-30,Bank of Abyssinia,1.0
2025-03-30,CBE Mobile Banking,4.333333333333333
2025-03-31,Bank of Abyssinia,1.0
2025-03-31,CBE Mobile Banking,4.757575757575758
2025-03-31,Dashen Bank,5.0
2025-04-01,Bank of Abyssinia,1.0
2025-04-01,CBE Mobile Banking,4.56
2025-04-01,Dashen Bank,3.6666666666666665
2025-04-02,CBE Mobile Banking,4.2
2025-04-02,Dashen Bank,2.0
2025-04-03,CBE Mobile Banking,4.75
2025-04-04,Bank of Abyssinia,3.3333333333333335
2025-04-04,CBE Mobile Banking,4.0
2025-04-04,Dashen Bank,3.25
2025-04-05,CBE Mobile Banking,2.0
2025-04-05,Dashen Bank,5.0
2025-04-06,Bank of Abyssinia,3.0
2025-04-06,CBE Mobile Banking,4.0
2025-04-06,Dashen Bank,5.0
2025-04-07,Bank of Abyssinia,1.0
2025-04-07,CBE Mobile Banking,5.0
2025-04-07,Dashen Bank,1.6666666666666667
2025-04-08,Bank of Abyssinia,3.0
2025-04-08,CBE Mobile Banking,3.0
2025-04-08,Dashen Bank,2.5
2025-04-09,Bank of Abyssinia,5.0
2025-04-09,CBE Mobile Banking,4.333333333333333
2025-04-09,Dashen Bank,2.0
2025-04-10,Bank of Abyssinia,5.0
2025-04-10,CBE Mobile Banking,4.6
2025-04-10,Dashen Bank,3.0
2025-04-11,CBE Mobile Banking,2.5
2025-04-12,CBE Mobile Banking,5.0
2025-04-12,Dashen Bank,1.0
2025-04-13,CBE Mobile Banking,3.25
2025-04-14,CBE Mobile Banking,5.0
2025-04-14,Dashen Bank,3.6666666666666665
2025-04-15,CBE Mobile Banking,4.6
2025-04-16,CBE Mobile Banking,4.5
2025-04-16,Dashen Bank,5.0
2025-04-17,CBE Mobile Banking,4.5
2025-04-17,Dashen Bank,3.5
2025-04-18,CBE Mobile Banking,3.75
2025-04-19,Bank of Abyssinia,1.0
2025-04-19,CBE Mobile Banking,2.3333333333333335
2025-04-19,Dashen Bank,5.0
2025-04-20,Bank of Abyssinia,3.0
2025-04-20,CBE Mobile Banking,5.0
2025-04-21,CBE Mobile Banking,3.5
2025-04-21,Dashen Bank,4.931372549019608
2025-04-22,Dashen Bank,5.0
2025-04-23,Bank of Abyssinia,3.0
2025-04-23,Dashen Bank,5.0
2025-04-24,CBE Mobile Banking,5.0
2025-04-24,Dashen Bank,4.4
2025-04-25,CBE Mobile Banking,3.0
2025-04-25,Dashen Bank,1.0
2025-04-26,CBE Mobile Banking,3.0
2025-04-27,CBE Mobile Banking,5.0
2025-04-27,Dashen Bank,1.0
2025-04-28,CBE Mobile Banking,5.0
2025-04-28,Dashen Bank,1.0
2025-04-29,Dashen Bank,5.0
2025-04-30,CBE Mobile Banking,3.5
2025-04-30,Dashen Bank,3.6666666666666665
2025-05-01,Dashen Bank,5.0
2025-05-02,CBE Mobile Banking,3.857142857142857
2025-05-02,Dashen Bank,5.0
2025-05-03,CBE Mobile Banking,3.0
2025-05-03,Dashen Bank,3.3333333333333335
2025-05-04,CBE Mobile Banking,3.0
2025-05-05,CBE Mobile Banking,3.6666666666666665
2025-05-06,Bank of Abyssinia,1.0
2025-05-06,CBE Mobile Banking,3.25
2025-05-07,Bank of Abyssinia,5.0
2025-05-07,CBE Mobile Banking,3.0
2025-05-08,CBE Mobile Banking,3.0
2025-05-08,Dashen Bank,5.0
2025-05-09,CBE Mobile Banking,5.0
2025-05-09,Dashen Bank,5.0
2025-05-10,Bank of Abyssinia,5.0
2025-05-10,CBE Mobile Banking,3.0
2025-05-10,Dashen Bank,4.0
2025-05-11,Bank of Abyssinia,1.0
2025-05-11,CBE Mobile Banking,4.0
2025-05-12,CBE Mobile Banking,5.0
2025-05-12,Dashen Bank,5.0
2025-05-13,CBE Mobile Banking,3.3333333333333335
2025-05-13,Dashen Bank,5.0
2025-05-14,CBE Mobile Banking,3.5
2025-05-14,Dashen Bank,5.0
2025-05-15,Dashen Bank,5.0
2025-05-16,CBE Mobile Banking,5.0
2025-05-16,Dashen Bank,3.0
2025-05-17,CBE Mobile Banking,3.75
2025-05-17,Dashen Bank,1.5
2025-05-18,Bank of Abyssinia,1.0
2025-05-18,CBE Mobile Banking,5.0
2025-05-18,Dashen Bank,4.0
2025-05-19,Bank of Abyssinia,4.0
2025-05-19,CBE Mobile Banking,5.0
2025-05-19,Dashen Bank,5.0
2025-05-20,CBE Mobile Banking,4.0
2025-05-20,Dashen Bank,4.0
2025-05-21,Bank of Abyssinia,1.0
2025-05-21,CBE Mobile Banking,3.5833333333333335
2025-05-22,Bank of Abyssinia,1.0
2025-05-22,CBE Mobile Banking,3.2142857142857144
2025-05-22,Dashen Bank,3.0
2025-05-23,CBE Mobile Banking,4.857142857142857
2025-05-23,Dashen Bank,5.0
2025-05-24,Bank of Abyssinia,1.0
2025-05-24,CBE Mobile Banking,3.75
2025-05-24,Dashen Bank,5.0
2025-05-25,Bank of Abyssinia,3.0
2025-05-25,CBE Mobile Banking,4.571428571428571
2025-05-26,CBE Mobile Banking,3.6666666666666665
2025-05-26,Dashen Bank,2.6666666666666665
2025-05-27,Bank of Abyssinia,1.0
2025-05-27,CBE Mobile Banking,4.5
2025-05-27,Dashen Bank,3.0
2025-05-28,CBE Mobile Banking,5.0
2025-05-29,CBE Mobile Banking,5.0
2025-05-29,Dashen Bank,3.0
2025-05-30,CBE Mobile Banking,4.0
2025-05-30,Dashen Bank,5.0
2025-05-31,CBE Mobile Banking,4.0
2025-05-31,Dashen Bank,4.666666666666667
2025-06-01,Bank of Abyssinia,2.3333333333333335
2025-06-01,CBE Mobile Banking,5.0
2025-06-02,Bank of Abyssinia,5.0
2025-06-02,CBE Mobile Banking,3.3333333333333335
2025-06-03,Bank of Abyssinia,3.0
2025-06-03,CBE Mobile Banking,3.0
2025-06-04,CBE Mobile Banking,3.6
2025-06-05,Bank of Abyssinia,3.0
2025-06-05,CBE Mobile Banking,2.5
2025-06-06,CBE Mobile Banking,4.0
2025-06-07,CBE Mobile Banking,3.75
2025-06-07,Dashen Bank,2.0
